transaction_id,transaction_date,product_id,customer_id,store_id,quantity,unit_price,promotion_id
T00000,2025-06-05,P181,C1014,S1,3,16.02,PR4
T00001,2025-05-28,P186,C1094,S9,1,31.57,PR3
T00002,2025-06-21,P127,C1029,S9,5,6.19,PR18
T00003,2025-06-18,P153,C1028,S8,5,17.52,
T00004,2025-06-16,P197,C1020,S7,3,17.5,PR11
T00005,2025-06-08,P113,C1011,S7,1,21.15,
T00006,2025-06-04,P133,C1005,S8,5,10.62,
T00007,2025-07-17,P110,C1070,S5,5,44.85,
T00008,2025-06-03,P124,C1090,S2,1,34.76,
T00009,2025-07-22,P110,C1029,S2,4,17.51,
T00010,2025-07-05,P146,C1020,S6,3,14.43,PR3
T00011,2025-05-29,P177,C1081,S3,5,37.81,PR13
T00012,2025-05-28,P134,C1081,S9,2,35.81,
T00013,2025-06-04,P199,C1007,S4,1,41.23,
T00014,2025-06-16,P108,C1027,S10,3,14.57,
T00015,2025-06-17,P182,C1058,S3,3,11.28,
T00016,2025-07-14,P168,C1033,S10,4,45.4,
T00017,2025-07-23,P128,C1017,S9,4,9.09,PR4
T00018,2025-05-28,P119,C1080,S3,4,31.84,
T00019,2025-07-19,P176,C1059,S9,3,48.7,
T00020,2025-06-14,P101,C1087,S2,5,38.79,
T00021,2025-07-17,P143,C1014,S5,4,12.12,PR9
T00022,2025-07-05,P164,C1097,S3,5,46.07,
T00023,2025-06-16,P138,C1081,S9,5,13.95,
T00024,2025-07-08,P120,C1069,S9,1,31.95,
T00025,2025-07-22,P114,C1046,S5,2,7.61,
T00026,2025-06-22,P110,C1010,S8,1,49.01,
T00027,2025-05-26,P116,C1016,S8,5,12.43,
T00028,2025-06-10,P177,C1054,S4,5,38.99,
T00029,2025-07-06,P191,C1039,S7,3,24.71,
T00030,2025-06-28,P115,C1031,S4,1,20.21,
T00031,2025-06-21,P129,C1075,S4,1,8.19,
T00032,2025-06-10,P129,C1008,S1,3,8.19,PR16
T00033,2025-06-15,P127,C1069,S3,5,30.93,PR16
T00034,2025-06-27,P152,C1024,S2,1,34.65,
T00035,2025-06-04,P152,C1059,S1,1,7.73,
T00036,2025-06-04,P113,C1031,S4,2,29.13,PR6
T00037,2025-07-01,P135,C1059,S4,1,24.94,
T00038,2025-06-04,P170,C1012,S1,5,42.62,
T00039,2025-06-29,P196,C1030,S3,4,26.85,PR13
T00040,2025-06-28,P107,C1021,S7,1,49.34,PR15
T00041,2025-07-23,P136,C1054,S9,4,11.97,PR2
T00042,2025-06-20,P174,C1094,S9,1,38.66,PR19
T00043,2025-05-30,P161,C1064,S9,2,7.56,
T00044,2025-07-09,P123,C1008,S10,1,35.38,PR4
T00045,2025-07-17,P172,C1031,S10,5,6.79,PR19
T00046,2025-06-07,P172,C1066,S6,3,14.19,
T00047,2025-07-01,P130,C1033,S7,2,35.23,PR11
T00048,2025-06-02,P196,C1009,S1,4,32.95,
T00049,2025-07-18,P112,C1009,S9,2,27.76,PR12
T00050,2025-06-23,P108,C1031,S6,3,12.1,
T00051,2025-06-30,P190,C1038,S10,5,5.35,
T00052,2025-07-21,P138,C1084,S2,2,16.9,
T00053,2025-06-13,P195,C1070,S3,3,17.68,PR11
T00054,2025-06-01,P126,C1087,S5,5,26.98,
T00055,2025-05-30,P106,C1011,S7,3,6.98,
T00056,2025-06-17,P116,C1081,S5,2,38.36,
T00057,2025-06-23,P154,C1071,S1,1,8.39,
T00058,2025-06-02,P119,C1069,S1,3,31.21,PR5
T00059,2025-06-17,P105,C1039,S6,1,45.45,PR8
T00060,2025-06-04,P185,C1013,S6,5,44.79,
T00061,2025-07-01,P179,C1095,S3,2,43.91,
T00062,2025-06-21,P122,C1052,S1,2,38.15,
T00063,2025-07-09,P152,C1085,S4,3,12.16,
T00064,2025-06-30,P148,C1004,S8,2,13.98,
T00065,2025-06-10,P144,C1039,S4,2,6.06,PR11
T00066,2025-06-30,P135,C1008,S5,3,33.87,
T00067,2025-06-29,P168,C1042,S1,1,44.47,PR19
T00068,2025-06-15,P133,C1004,S2,5,24.56,
T00069,2025-06-20,P140,C1055,S10,5,10.2,
T00070,2025-06-01,P124,C1032,S1,4,5.08,
T00071,2025-07-24,P168,C1087,S4,3,24.41,
T00072,2025-06-11,P142,C1079,S6,1,37.39,
T00073,2025-07-16,P139,C1085,S7,3,23.11,PR5
T00074,2025-06-18,P124,C1053,S7,2,32.7,
T00075,2025-06-10,P170,C1000,S5,3,14.46,
T00076,2025-07-09,P177,C1083,S6,4,24.88,
T00077,2025-07-01,P165,C1060,S3,1,17.77,
T00078,2025-06-21,P179,C1042,S2,2,35.28,PR7
T00079,2025-07-19,P118,C1003,S1,2,49.28,
T00080,2025-06-16,P198,C1009,S8,4,44.88,
T00081,2025-06-26,P191,C1089,S7,4,22.98,PR1
T00082,2025-05-31,P196,C1098,S2,4,14.85,
T00083,2025-06-17,P189,C1066,S8,1,30.08,
T00084,2025-05-29,P115,C1058,S3,4,35.04,
T00085,2025-06-25,P176,C1040,S8,5,41.68,
T00086,2025-07-03,P154,C1070,S8,2,38.46,
T00087,2025-06-20,P133,C1096,S4,3,39.46,
T00088,2025-06-01,P180,C1030,S5,4,8.49,PR9
T00089,2025-06-15,P142,C1040,S9,1,11.23,PR5
T00090,2025-07-20,P190,C1027,S2,4,23.34,
T00091,2025-06-25,P153,C1007,S4,4,22.53,
T00092,2025-06-15,P189,C1002,S10,4,26.46,
T00093,2025-07-13,P138,C1096,S7,4,29.22,
T00094,2025-07-03,P177,C1028,S8,2,17.28,
T00095,2025-07-09,P149,C1043,S7,2,42.82,
T00096,2025-06-08,P179,C1068,S1,4,31.64,
T00097,2025-06-20,P110,C1082,S7,2,44.01,PR9
T00098,2025-06-08,P148,C1041,S4,4,19.71,
T00099,2025-06-18,P148,C1035,S7,3,42.57,
T00100,2025-07-19,P195,C1069,S1,3,15.09,PR2
T00101,2025-07-17,P196,C1003,S4,2,42.77,
T00102,2025-06-20,P130,C1016,S8,1,30.38,PR9
T00103,2025-07-21,P198,C1047,S3,5,32.33,
T00104,2025-07-06,P114,C1099,S3,3,9.86,PR10
T00105,2025-07-21,P173,C1086,S7,4,47.37,PR19
T00106,2025-07-03,P188,C1080,S4,1,36.37,
T00107,2025-06-30,P187,C1076,S2,5,40.22,
T00108,2025-06-16,P154,C1084,S6,1,27.77,
T00109,2025-06-08,P153,C1062,S2,4,48.24,
T00110,2025-07-14,P158,C1090,S3,4,12.93,
T00111,2025-07-12,P183,C1034,S10,5,39.86,
T00112,2025-06-03,P193,C1075,S5,3,43.33,
T00113,2025-05-30,P111,C1035,S8,2,38.77,
T00114,2025-06-05,P185,C1048,S6,1,27.24,
T00115,2025-06-09,P162,C1027,S6,3,20.32,
T00116,2025-06-10,P189,C1035,S9,1,28.25,PR8
T00117,2025-07-05,P192,C1052,S8,5,39.12,
T00118,2025-07-22,P182,C1091,S8,4,40.68,PR8
T00119,2025-06-01,P151,C1088,S4,3,34.88,
T00120,2025-07-02,P170,C1067,S6,4,49.85,
T00121,2025-07-02,P145,C1089,S8,3,18.8,PR7
T00122,2025-07-22,P140,C1015,S9,2,13.62,
T00123,2025-07-10,P135,C1092,S10,5,31.86,
T00124,2025-07-16,P124,C1037,S4,3,13.07,PR18
T00125,2025-06-19,P116,C1035,S1,1,29.9,
T00126,2025-07-18,P116,C1081,S8,1,44.27,
T00127,2025-05-27,P160,C1061,S8,3,13.3,PR16
T00128,2025-06-06,P114,C1008,S7,4,8.33,
T00129,2025-07-17,P106,C1019,S3,5,47.71,PR8
T00130,2025-06-20,P115,C1071,S7,5,31.83,
T00131,2025-06-28,P199,C1066,S7,4,45.88,PR19
T00132,2025-06-05,P154,C1039,S10,5,7.71,
T00133,2025-06-23,P112,C1097,S4,2,16.91,PR8
T00134,2025-07-07,P122,C1070,S2,2,5.12,
T00135,2025-06-10,P176,C1060,S5,1,15.42,
T00136,2025-07-09,P189,C1058,S2,2,46.58,
T00137,2025-05-26,P180,C1075,S4,4,10.16,PR5
T00138,2025-06-20,P134,C1018,S2,1,12.47,
T00139,2025-07-13,P195,C1072,S5,4,10.6,
T00140,2025-06-12,P189,C1051,S5,5,29.3,
T00141,2025-07-14,P176,C1005,S7,3,32.17,PR8
T00142,2025-06-05,P186,C1073,S10,1,49.98,
T00143,2025-06-23,P134,C1073,S1,2,26.17,
T00144,2025-07-14,P135,C1023,S10,4,33.57,
T00145,2025-07-24,P111,C1060,S6,4,20.0,
T00146,2025-06-14,P120,C1042,S7,4,17.97,
T00147,2025-06-09,P197,C1070,S1,4,8.96,PR4
T00148,2025-07-01,P198,C1051,S9,1,34.59,
T00149,2025-06-10,P152,C1006,S4,5,21.28,
T00150,2025-07-17,P180,C1056,S1,2,17.02,PR10
T00151,2025-07-16,P156,C1089,S8,1,6.3,
T00152,2025-05-26,P130,C1090,S3,3,29.79,
T00153,2025-07-23,P111,C1028,S2,4,47.62,
T00154,2025-06-26,P119,C1063,S5,5,36.74,
T00155,2025-07-12,P161,C1060,S4,4,29.81,
T00156,2025-05-27,P176,C1065,S3,1,17.43,
T00157,2025-06-05,P153,C1043,S9,3,41.92,PR10
T00158,2025-06-30,P175,C1074,S8,2,25.09,
T00159,2025-06-24,P142,C1070,S9,4,25.49,
T00160,2025-06-18,P124,C1089,S4,5,22.23,
T00161,2025-05-31,P152,C1005,S6,4,36.74,
T00162,2025-06-18,P149,C1084,S3,4,48.42,PR19
T00163,2025-07-20,P142,C1012,S8,1,28.67,
T00164,2025-06-02,P192,C1018,S7,2,8.37,
T00165,2025-06-03,P133,C1043,S10,4,34.24,
T00166,2025-07-12,P186,C1068,S7,3,33.21,
T00167,2025-06-01,P162,C1069,S1,5,8.08,
T00168,2025-07-16,P136,C1029,S2,4,49.03,
T00169,2025-06-07,P190,C1012,S8,2,36.23,
T00170,2025-06-07,P105,C1041,S1,3,21.13,
T00171,2025-07-11,P131,C1067,S7,5,35.68,PR6
T00172,2025-07-18,P110,C1078,S7,5,35.74,
T00173,2025-06-11,P174,C1018,S4,4,33.71,
T00174,2025-06-20,P185,C1001,S8,3,35.49,PR15
T00175,2025-07-16,P144,C1075,S5,4,36.06,
T00176,2025-07-23,P138,C1025,S7,4,9.8,
T00177,2025-07-06,P145,C1073,S5,3,5.99,
T00178,2025-06-15,P150,C1035,S1,5,43.93,
T00179,2025-07-17,P106,C1077,S8,3,39.91,PR12
T00180,2025-06-14,P128,C1081,S4,5,16.28,
T00181,2025-06-25,P198,C1084,S3,1,45.65,
T00182,2025-07-03,P139,C1056,S1,5,21.42,PR10
T00183,2025-07-01,P141,C1095,S7,2,14.04,
T00184,2025-07-07,P146,C1067,S9,3,42.37,PR16
T00185,2025-07-15,P137,C1095,S6,1,26.07,PR8
T00186,2025-07-08,P186,C1092,S7,5,21.46,
T00187,2025-06-06,P101,C1033,S9,1,25.47,
T00188,2025-06-19,P186,C1033,S10,4,42.01,
T00189,2025-06-16,P113,C1086,S4,4,6.13,
T00190,2025-06-01,P171,C1041,S10,2,34.14,
T00191,2025-06-27,P159,C1089,S5,4,10.25,PR2
T00192,2025-05-28,P138,C1063,S2,1,15.57,
T00193,2025-07-22,P149,C1058,S6,5,23.86,
T00194,2025-07-18,P119,C1053,S2,4,32.7,
T00195,2025-06-17,P135,C1004,S6,2,24.95,
T00196,2025-07-22,P146,C1012,S6,5,45.58,
T00197,2025-06-16,P107,C1050,S5,2,48.57,
T00198,2025-05-26,P158,C1011,S4,5,48.7,PR11
T00199,2025-06-01,P131,C1016,S10,2,8.09,
T00200,2025-05-31,P126,C1075,S4,2,19.79,PR20
T00201,2025-06-17,P100,C1035,S3,2,29.31,
T00202,2025-06-01,P114,C1084,S1,2,5.67,
T00203,2025-05-29,P130,C1075,S6,1,12.84,PR14
T00204,2025-06-27,P167,C1014,S2,4,25.17,
T00205,2025-06-01,P175,C1013,S8,5,14.97,
T00206,2025-07-14,P193,C1084,S9,3,25.61,
T00207,2025-06-18,P107,C1061,S7,4,35.87,
T00208,2025-06-22,P156,C1009,S2,3,32.37,PR9
T00209,2025-07-12,P179,C1081,S10,5,37.05,
T00210,2025-06-15,P176,C1067,S5,4,27.75,
T00211,2025-07-17,P189,C1014,S9,2,24.35,
T00212,2025-06-07,P152,C1043,S8,4,23.72,PR14
T00213,2025-07-20,P140,C1085,S5,3,47.91,
T00214,2025-07-20,P160,C1008,S2,1,9.2,PR12
T00215,2025-07-10,P116,C1071,S1,5,48.05,
T00216,2025-06-18,P185,C1015,S7,3,44.31,
T00217,2025-07-10,P154,C1092,S1,3,32.02,
T00218,2025-07-04,P173,C1064,S4,2,34.55,PR4
T00219,2025-06-13,P144,C1071,S6,1,39.32,
T00220,2025-06-04,P154,C1071,S10,5,35.37,
T00221,2025-06-04,P177,C1084,S5,1,13.12,
T00222,2025-07-06,P139,C1043,S6,1,13.16,PR13
T00223,2025-06-29,P108,C1018,S1,1,38.58,PR14
T00224,2025-07-06,P158,C1043,S3,3,19.02,
T00225,2025-07-04,P172,C1076,S2,1,12.0,
T00226,2025-07-10,P106,C1086,S2,3,24.94,
T00227,2025-05-31,P177,C1056,S7,3,14.7,
T00228,2025-06-04,P144,C1055,S2,3,35.52,
T00229,2025-05-31,P167,C1085,S5,1,14.92,
T00230,2025-07-04,P107,C1000,S4,3,47.54,
T00231,2025-06-27,P197,C1032,S5,3,10.4,
T00232,2025-06-05,P155,C1022,S3,4,28.97,PR18
T00233,2025-06-19,P185,C1045,S2,4,43.78,PR1
T00234,2025-06-13,P158,C1009,S6,5,24.32,
T00235,2025-06-13,P181,C1053,S5,1,23.23,
T00236,2025-07-17,P121,C1079,S8,3,8.97,
T00237,2025-07-08,P131,C1055,S10,4,28.58,
T00238,2025-06-08,P139,C1095,S6,2,19.99,PR17
T00239,2025-07-05,P181,C1014,S9,5,13.73,
T00240,2025-06-12,P144,C1093,S3,2,9.63,PR6
T00241,2025-06-22,P177,C1019,S2,2,47.81,
T00242,2025-07-09,P159,C1096,S10,5,25.2,
T00243,2025-06-19,P172,C1082,S10,3,43.89,
T00244,2025-06-02,P119,C1056,S2,4,24.9,
T00245,2025-07-08,P135,C1075,S1,3,27.83,
T00246,2025-07-18,P157,C1004,S1,3,42.43,PR3
T00247,2025-06-04,P178,C1076,S9,4,25.82,
T00248,2025-05-30,P194,C1005,S8,5,34.33,
T00249,2025-07-17,P160,C1064,S3,1,25.27,
T00250,2025-05-27,P143,C1091,S2,5,34.08,PR15
T00251,2025-06-04,P156,C1067,S9,5,12.14,
T00252,2025-06-17,P136,C1049,S7,3,35.55,PR11
T00253,2025-06-11,P108,C1042,S2,5,35.53,PR20
T00254,2025-07-04,P119,C1042,S2,5,34.86,
T00255,2025-07-12,P139,C1083,S7,2,31.78,
T00256,2025-07-11,P139,C1071,S7,3,41.59,
T00257,2025-06-15,P194,C1087,S9,1,34.07,
T00258,2025-07-03,P146,C1002,S6,3,13.11,PR16
T00259,2025-05-31,P124,C1028,S3,2,8.47,
T00260,2025-06-10,P112,C1064,S9,5,6.7,
T00261,2025-07-01,P198,C1079,S3,5,21.95,PR20
T00262,2025-05-26,P121,C1092,S8,1,23.49,
T00263,2025-07-02,P130,C1056,S10,3,38.86,
T00264,2025-06-20,P129,C1068,S4,3,48.45,
T00265,2025-07-09,P124,C1047,S10,4,25.78,PR13
T00266,2025-06-22,P164,C1067,S7,2,41.76,
T00267,2025-07-06,P117,C1032,S1,4,44.34,
T00268,2025-07-18,P113,C1091,S9,1,17.83,
T00269,2025-07-12,P134,C1057,S9,2,42.4,PR8
T00270,2025-06-10,P157,C1044,S1,4,7.4,
T00271,2025-06-13,P130,C1049,S2,3,15.1,
T00272,2025-06-23,P112,C1091,S6,2,11.19,PR16
T00273,2025-06-16,P189,C1017,S8,4,32.69,
T00274,2025-05-31,P102,C1032,S4,2,29.7,
T00275,2025-07-21,P167,C1054,S2,3,15.69,PR8
T00276,2025-07-17,P153,C1081,S10,4,7.83,
T00277,2025-05-31,P163,C1076,S9,1,33.44,
T00278,2025-06-25,P191,C1018,S5,4,5.07,
T00279,2025-05-31,P173,C1053,S3,1,28.56,
T00280,2025-05-30,P167,C1069,S9,5,29.94,
T00281,2025-07-21,P160,C1005,S7,3,16.41,PR3
T00282,2025-07-11,P144,C1030,S2,5,38.08,
T00283,2025-07-13,P105,C1045,S9,3,41.61,PR15
T00284,2025-07-16,P189,C1061,S3,2,7.84,
T00285,2025-06-10,P158,C1004,S5,2,6.97,PR2
T00286,2025-05-31,P140,C1039,S9,4,49.51,
T00287,2025-07-14,P132,C1004,S4,3,21.06,
T00288,2025-06-02,P183,C1042,S5,1,40.97,
T00289,2025-06-13,P151,C1095,S8,4,20.26,PR16
T00290,2025-06-01,P147,C1066,S5,1,37.72,PR20
T00291,2025-07-22,P123,C1069,S5,3,9.62,
T00292,2025-06-01,P137,C1039,S8,5,37.29,PR15
T00293,2025-06-17,P144,C1057,S1,3,32.67,
T00294,2025-07-04,P181,C1007,S2,4,21.35,
T00295,2025-06-06,P186,C1020,S1,2,43.19,
T00296,2025-07-20,P156,C1004,S3,1,15.62,
T00297,2025-06-18,P146,C1049,S10,1,32.23,
T00298,2025-07-21,P147,C1047,S8,1,30.83,
T00299,2025-07-22,P150,C1040,S5,2,48.22,PR6
T00300,2025-05-29,P163,C1066,S7,5,10.3,
T00301,2025-06-02,P190,C1057,S4,5,17.85,
T00302,2025-07-05,P162,C1025,S2,2,43.38,
T00303,2025-07-21,P191,C1056,S2,3,35.05,
T00304,2025-07-19,P170,C1069,S5,3,43.31,
T00305,2025-07-15,P189,C1081,S3,3,27.89,PR7
T00306,2025-06-25,P117,C1030,S8,1,21.24,
T00307,2025-06-20,P159,C1070,S3,5,44.79,PR13
T00308,2025-06-14,P191,C1092,S8,5,23.49,
T00309,2025-06-25,P173,C1009,S3,3,33.91,
T00310,2025-06-18,P187,C1066,S6,2,44.51,
T00311,2025-06-20,P181,C1075,S3,2,24.47,
T00312,2025-07-03,P107,C1015,S9,2,18.69,PR8
T00313,2025-06-07,P144,C1066,S5,1,16.28,
T00314,2025-06-24,P170,C1035,S3,3,32.65,PR6
T00315,2025-07-09,P175,C1074,S3,2,34.64,
T00316,2025-06-25,P177,C1043,S10,1,42.14,PR2
T00317,2025-06-02,P182,C1098,S10,3,34.3,
T00318,2025-05-26,P153,C1079,S1,4,45.0,
T00319,2025-07-09,P182,C1038,S8,2,41.21,
T00320,2025-07-19,P138,C1058,S2,1,12.11,
T00321,2025-06-04,P159,C1026,S6,5,11.47,
T00322,2025-06-02,P140,C1093,S6,4,10.88,
T00323,2025-07-17,P171,C1013,S6,2,25.99,PR8
T00324,2025-06-15,P118,C1012,S1,3,47.54,
T00325,2025-07-14,P153,C1031,S3,3,47.02,
T00326,2025-06-20,P124,C1097,S3,4,49.82,
T00327,2025-06-07,P139,C1063,S1,1,47.54,
T00328,2025-06-28,P130,C1027,S10,3,7.19,PR20
T00329,2025-06-01,P183,C1086,S8,3,29.15,
T00330,2025-06-18,P155,C1017,S5,3,39.37,
T00331,2025-06-30,P151,C1006,S10,5,13.76,
T00332,2025-06-22,P109,C1049,S9,4,39.4,PR20
T00333,2025-06-10,P187,C1078,S2,2,48.88,
T00334,2025-07-07,P143,C1071,S6,2,13.96,
T00335,2025-07-17,P164,C1005,S1,1,11.17,
T00336,2025-06-24,P160,C1066,S8,2,32.28,
T00337,2025-07-24,P141,C1078,S6,2,22.68,
T00338,2025-07-16,P138,C1075,S6,5,42.27,
T00339,2025-05-26,P190,C1072,S5,4,41.71,
T00340,2025-07-18,P186,C1014,S7,5,18.85,
T00341,2025-06-24,P188,C1080,S1,5,26.36,
T00342,2025-06-05,P199,C1074,S10,2,37.46,
T00343,2025-06-08,P121,C1067,S10,4,11.65,
T00344,2025-06-20,P104,C1073,S2,2,5.85,
T00345,2025-06-06,P119,C1052,S4,4,27.58,
T00346,2025-06-05,P160,C1094,S1,2,28.34,
T00347,2025-07-18,P184,C1061,S9,4,19.12,PR18
T00348,2025-06-10,P143,C1069,S6,3,32.45,PR8
T00349,2025-06-21,P135,C1071,S5,2,47.37,
T00350,2025-06-22,P198,C1036,S4,4,19.27,
T00351,2025-07-23,P192,C1035,S5,1,30.81,
T00352,2025-06-15,P150,C1044,S3,3,6.89,
T00353,2025-06-28,P110,C1044,S8,3,38.63,PR18
T00354,2025-06-14,P134,C1071,S5,2,9.92,
T00355,2025-06-20,P130,C1031,S1,5,15.16,PR4
T00356,2025-07-14,P152,C1042,S8,1,35.65,PR18
T00357,2025-07-12,P120,C1052,S8,4,34.27,
T00358,2025-06-19,P136,C1041,S5,1,45.86,PR19
T00359,2025-05-30,P129,C1068,S1,2,23.8,
T00360,2025-06-03,P104,C1050,S8,2,47.15,
T00361,2025-07-06,P137,C1004,S1,3,30.56,PR11
T00362,2025-06-21,P136,C1058,S9,5,27.23,
T00363,2025-05-30,P164,C1059,S5,2,41.4,
T00364,2025-05-26,P193,C1058,S5,2,5.63,
T00365,2025-06-27,P137,C1072,S4,2,32.49,
T00366,2025-06-07,P151,C1054,S9,3,8.9,
T00367,2025-06-20,P123,C1017,S8,3,47.11,PR13
T00368,2025-06-10,P130,C1057,S5,3,18.59,
T00369,2025-07-07,P101,C1033,S6,2,7.8,PR10
T00370,2025-07-18,P120,C1051,S9,3,36.06,
T00371,2025-07-06,P137,C1047,S10,2,14.86,PR5
T00372,2025-07-19,P158,C1095,S10,3,23.71,
T00373,2025-05-26,P160,C1096,S9,2,39.28,
T00374,2025-06-05,P176,C1010,S9,4,28.77,
T00375,2025-06-02,P172,C1014,S1,5,45.63,PR18
T00376,2025-06-09,P119,C1021,S6,5,24.88,
T00377,2025-07-17,P191,C1074,S8,1,45.45,
T00378,2025-05-29,P107,C1058,S3,5,23.69,
T00379,2025-06-30,P171,C1059,S5,1,22.82,
T00380,2025-07-21,P195,C1027,S10,1,7.04,
T00381,2025-07-18,P108,C1069,S1,1,49.38,
T00382,2025-06-09,P136,C1052,S3,2,39.46,
T00383,2025-07-06,P182,C1053,S6,4,25.18,
T00384,2025-06-07,P148,C1048,S2,5,10.98,
T00385,2025-05-30,P115,C1022,S9,4,28.8,
T00386,2025-06-24,P128,C1000,S1,3,25.84,
T00387,2025-06-30,P154,C1068,S7,2,16.14,
T00388,2025-05-29,P135,C1024,S2,1,41.43,
T00389,2025-06-29,P198,C1002,S4,2,8.03,
T00390,2025-06-15,P157,C1076,S1,2,38.32,
T00391,2025-06-19,P129,C1069,S4,1,11.31,
T00392,2025-06-04,P129,C1093,S10,3,30.99,
T00393,2025-06-29,P141,C1030,S5,2,49.36,
T00394,2025-07-19,P152,C1038,S5,1,30.05,
T00395,2025-07-04,P194,C1022,S7,5,27.3,
T00396,2025-06-10,P182,C1085,S7,5,19.34,
T00397,2025-06-17,P119,C1038,S7,2,38.95,
T00398,2025-06-10,P128,C1038,S3,4,46.16,
T00399,2025-06-12,P153,C1071,S9,2,22.48,PR11
T00400,2025-07-05,P182,C1010,S8,3,9.16,
T00401,2025-05-28,P124,C1006,S5,4,35.32,
T00402,2025-06-12,P109,C1024,S10,5,14.77,PR11
T00403,2025-06-27,P138,C1001,S4,2,48.29,PR16
T00404,2025-07-04,P131,C1089,S10,2,22.85,PR11
T00405,2025-06-19,P199,C1036,S7,4,29.01,
T00406,2025-06-20,P133,C1046,S9,4,25.97,
T00407,2025-06-10,P192,C1060,S6,2,21.68,
T00408,2025-06-05,P172,C1028,S3,1,16.73,
T00409,2025-07-02,P174,C1092,S7,3,11.86,
T00410,2025-05-29,P148,C1072,S4,4,29.78,
T00411,2025-07-10,P143,C1032,S8,4,25.74,
T00412,2025-06-16,P145,C1021,S3,5,26.97,
T00413,2025-06-14,P169,C1082,S1,5,6.52,
T00414,2025-07-09,P185,C1006,S1,4,11.19,
T00415,2025-06-28,P108,C1090,S3,1,14.84,
T00416,2025-06-24,P107,C1079,S10,4,34.67,PR18
T00417,2025-06-17,P170,C1052,S1,1,28.82,PR10
T00418,2025-06-16,P102,C1064,S7,2,9.82,PR5
T00419,2025-05-28,P130,C1024,S10,5,16.36,
T00420,2025-06-13,P150,C1010,S6,4,25.65,PR8
T00421,2025-07-03,P138,C1087,S2,1,9.21,
T00422,2025-06-26,P170,C1060,S1,1,36.63,PR14
T00423,2025-06-22,P182,C1042,S10,1,45.27,
T00424,2025-06-01,P129,C1027,S10,4,17.2,
T00425,2025-06-22,P187,C1035,S9,5,34.61,PR11
T00426,2025-06-29,P102,C1026,S10,2,38.85,
T00427,2025-07-14,P150,C1009,S5,2,30.38,
T00428,2025-07-03,P149,C1086,S9,3,22.27,
T00429,2025-07-17,P188,C1092,S2,5,38.55,
T00430,2025-06-27,P112,C1055,S4,1,20.33,
T00431,2025-05-28,P176,C1050,S6,1,33.54,
T00432,2025-06-06,P157,C1062,S4,3,29.89,
T00433,2025-06-20,P123,C1087,S10,4,8.86,
T00434,2025-06-12,P131,C1091,S2,1,17.06,
T00435,2025-07-21,P181,C1019,S7,3,21.23,PR10
T00436,2025-06-20,P156,C1046,S5,1,10.96,PR15
T00437,2025-05-29,P171,C1071,S9,4,9.65,PR18
T00438,2025-06-05,P111,C1076,S10,3,43.87,PR14
T00439,2025-07-22,P149,C1099,S2,5,45.73,
T00440,2025-07-07,P173,C1066,S3,4,12.63,PR9
T00441,2025-06-28,P163,C1018,S2,2,24.56,
T00442,2025-06-25,P161,C1009,S6,3,47.49,
T00443,2025-07-07,P163,C1076,S10,2,25.6,PR1
T00444,2025-07-23,P150,C1042,S10,4,41.18,
T00445,2025-07-14,P142,C1055,S10,2,18.52,
T00446,2025-06-06,P188,C1025,S8,3,12.99,
T00447,2025-07-02,P140,C1037,S8,5,40.19,
T00448,2025-07-20,P135,C1050,S6,1,46.94,PR18
T00449,2025-06-13,P123,C1087,S9,1,47.89,
T00450,2025-06-19,P190,C1026,S8,3,42.41,PR14
T00451,2025-05-30,P186,C1063,S3,3,15.89,
T00452,2025-07-07,P191,C1054,S7,1,25.21,
T00453,2025-05-26,P174,C1051,S9,5,46.56,
T00454,2025-07-15,P153,C1069,S1,3,36.57,
T00455,2025-07-17,P176,C1081,S2,1,39.6,
T00456,2025-06-14,P145,C1021,S10,1,30.34,
T00457,2025-06-30,P182,C1051,S6,4,9.77,PR8
T00458,2025-07-06,P165,C1095,S9,5,31.12,
T00459,2025-06-01,P157,C1047,S7,4,39.76,
T00460,2025-06-27,P164,C1019,S6,1,26.72,PR3
T00461,2025-06-25,P114,C1093,S3,3,19.04,
T00462,2025-06-07,P126,C1066,S8,3,26.43,
T00463,2025-06-24,P189,C1057,S6,1,18.51,
T00464,2025-07-14,P114,C1002,S6,1,35.47,PR8
T00465,2025-06-25,P166,C1022,S9,2,19.89,
T00466,2025-07-04,P159,C1029,S7,2,13.39,
T00467,2025-06-26,P150,C1003,S10,2,25.23,
T00468,2025-07-04,P100,C1090,S4,2,17.53,
T00469,2025-06-23,P108,C1073,S2,5,13.41,
T00470,2025-07-18,P158,C1014,S5,4,28.75,
T00471,2025-06-07,P176,C1049,S10,4,31.42,
T00472,2025-06-13,P158,C1079,S3,3,46.34,
T00473,2025-07-05,P186,C1017,S6,1,15.74,PR12
T00474,2025-07-01,P188,C1018,S9,4,23.82,PR13
T00475,2025-06-11,P154,C1023,S8,5,36.2,
T00476,2025-07-24,P122,C1071,S3,4,18.0,PR15
T00477,2025-07-20,P179,C1006,S6,1,26.81,PR13
T00478,2025-06-24,P171,C1064,S8,4,35.81,
T00479,2025-07-04,P156,C1062,S3,1,30.44,
T00480,2025-07-18,P128,C1037,S1,3,15.12,PR15
T00481,2025-05-26,P172,C1095,S8,5,27.99,
T00482,2025-06-24,P134,C1099,S9,3,29.39,
T00483,2025-06-22,P197,C1092,S8,5,14.83,
T00484,2025-06-15,P194,C1083,S4,3,44.37,PR9
T00485,2025-07-06,P144,C1011,S8,1,39.9,PR19
T00486,2025-07-21,P188,C1044,S10,4,12.47,PR7
T00487,2025-07-23,P126,C1007,S10,3,28.95,
T00488,2025-06-26,P121,C1041,S5,3,30.77,
T00489,2025-07-10,P165,C1086,S2,2,48.32,
T00490,2025-07-07,P107,C1035,S3,2,16.24,
T00491,2025-07-07,P131,C1097,S7,4,11.4,
T00492,2025-06-15,P180,C1053,S7,4,8.4,
T00493,2025-07-14,P198,C1011,S7,5,38.74,
T00494,2025-07-10,P147,C1058,S8,3,31.19,
T00495,2025-06-11,P193,C1011,S8,3,43.25,
T00496,2025-06-03,P150,C1027,S7,2,27.26,
T00497,2025-06-22,P136,C1043,S9,5,10.88,
T00498,2025-07-15,P143,C1087,S1,1,9.48,
T00499,2025-06-27,P158,C1002,S2,2,24.86,PR14
T00500,2025-06-04,P125,C1088,S3,3,12.15,
T00501,2025-06-17,P135,C1011,S6,3,8.71,
T00502,2025-06-25,P183,C1021,S1,4,33.15,
T00503,2025-06-16,P196,C1029,S7,1,36.67,PR16
T00504,2025-06-14,P109,C1016,S10,2,28.37,
T00505,2025-06-09,P101,C1089,S6,1,49.47,
T00506,2025-05-28,P116,C1061,S2,2,22.24,
T00507,2025-05-30,P113,C1013,S6,3,44.64,PR5
T00508,2025-06-18,P182,C1086,S3,1,28.87,PR6
T00509,2025-07-11,P156,C1044,S4,2,46.4,
T00510,2025-07-24,P156,C1027,S2,1,11.3,PR13
T00511,2025-06-02,P144,C1054,S6,2,16.15,
T00512,2025-07-09,P131,C1070,S10,5,37.45,PR1
T00513,2025-07-05,P184,C1038,S4,5,32.31,PR13
T00514,2025-07-20,P137,C1082,S1,2,27.27,PR16
T00515,2025-06-13,P181,C1076,S2,5,44.99,PR12
T00516,2025-07-02,P140,C1016,S7,5,23.94,
T00517,2025-07-12,P122,C1097,S8,1,5.75,PR9
T00518,2025-07-03,P127,C1005,S1,4,27.8,
T00519,2025-06-18,P164,C1098,S7,4,36.58,PR18
T00520,2025-06-09,P168,C1078,S3,3,8.76,PR7
T00521,2025-05-26,P119,C1068,S6,4,31.39,
T00522,2025-06-05,P183,C1087,S2,3,36.44,
T00523,2025-07-06,P130,C1007,S4,1,46.61,PR20
T00524,2025-06-16,P177,C1007,S5,2,10.37,
T00525,2025-06-12,P189,C1001,S3,4,47.89,
T00526,2025-07-15,P192,C1033,S3,3,10.71,
T00527,2025-07-10,P134,C1093,S2,1,20.08,
T00528,2025-05-30,P167,C1008,S5,5,33.24,
T00529,2025-07-19,P165,C1046,S1,4,43.67,PR6
T00530,2025-06-19,P132,C1098,S2,5,35.34,PR17
T00531,2025-06-06,P100,C1005,S1,2,7.07,
T00532,2025-07-09,P119,C1022,S1,5,41.14,
T00533,2025-06-07,P183,C1053,S4,3,16.17,
T00534,2025-07-10,P140,C1034,S2,5,21.78,
T00535,2025-07-16,P106,C1022,S4,5,49.16,
T00536,2025-07-19,P108,C1059,S5,3,19.73,
T00537,2025-07-22,P101,C1047,S4,3,30.37,
T00538,2025-06-25,P179,C1031,S8,3,31.63,
T00539,2025-07-07,P198,C1099,S4,5,39.22,PR1
T00540,2025-07-24,P152,C1003,S4,5,20.59,
T00541,2025-07-14,P101,C1042,S1,4,43.21,
T00542,2025-07-06,P113,C1026,S9,2,23.89,
T00543,2025-07-18,P118,C1091,S5,1,6.98,PR17
T00544,2025-07-08,P152,C1089,S6,4,48.85,PR4
T00545,2025-06-10,P164,C1017,S7,1,31.64,PR5
T00546,2025-07-11,P130,C1037,S5,3,46.67,
T00547,2025-07-08,P194,C1041,S6,4,17.24,PR7
T00548,2025-06-20,P117,C1099,S10,1,11.99,PR15
T00549,2025-06-19,P140,C1052,S2,5,21.12,
T00550,2025-06-21,P157,C1039,S8,3,43.36,PR10
T00551,2025-07-15,P190,C1089,S10,1,14.68,
T00552,2025-07-12,P118,C1011,S4,3,22.83,PR10
T00553,2025-06-18,P133,C1022,S1,4,43.46,
T00554,2025-06-21,P170,C1031,S2,4,9.59,
T00555,2025-07-07,P115,C1001,S1,2,10.88,
T00556,2025-06-02,P147,C1087,S2,5,31.38,
T00557,2025-06-22,P109,C1002,S2,2,45.61,
T00558,2025-06-17,P116,C1011,S6,1,6.92,
T00559,2025-06-21,P121,C1073,S7,4,27.33,
T00560,2025-06-27,P154,C1022,S6,2,45.87,PR15
T00561,2025-06-26,P119,C1004,S10,5,32.76,
T00562,2025-07-17,P163,C1052,S9,4,7.74,PR5
T00563,2025-06-02,P153,C1025,S9,2,33.38,
T00564,2025-06-08,P102,C1048,S6,4,29.5,
T00565,2025-06-09,P172,C1064,S6,4,17.17,PR20
T00566,2025-06-17,P128,C1003,S5,1,41.39,
T00567,2025-07-02,P145,C1098,S10,2,48.83,PR8
T00568,2025-06-09,P134,C1068,S1,2,30.91,
T00569,2025-06-15,P149,C1045,S3,2,15.64,
T00570,2025-06-01,P194,C1089,S6,5,6.27,
T00571,2025-07-05,P172,C1072,S3,5,47.68,
T00572,2025-07-04,P163,C1069,S5,2,27.07,PR8
T00573,2025-06-27,P177,C1028,S1,5,26.51,
T00574,2025-07-17,P178,C1025,S3,3,37.26,
T00575,2025-07-10,P141,C1007,S1,2,31.4,
T00576,2025-07-05,P199,C1014,S9,3,48.23,
T00577,2025-06-01,P184,C1050,S10,1,20.15,
T00578,2025-06-15,P120,C1093,S7,4,34.21,PR18
T00579,2025-07-05,P188,C1078,S6,2,34.95,
T00580,2025-07-02,P148,C1039,S5,2,13.0,PR19
T00581,2025-07-21,P150,C1098,S10,1,13.19,
T00582,2025-05-27,P178,C1028,S10,1,47.15,PR3
T00583,2025-07-20,P130,C1044,S6,2,33.63,
T00584,2025-07-01,P190,C1085,S6,4,5.51,PR3
T00585,2025-07-11,P144,C1032,S2,1,7.17,
T00586,2025-05-26,P153,C1021,S7,4,44.68,
T00587,2025-06-29,P148,C1012,S8,5,34.29,
T00588,2025-06-23,P120,C1057,S2,1,18.27,
T00589,2025-07-02,P113,C1009,S6,2,44.96,PR3
T00590,2025-07-05,P170,C1011,S6,5,49.34,
T00591,2025-07-17,P190,C1003,S7,2,32.33,
T00592,2025-07-18,P106,C1012,S6,2,48.85,
T00593,2025-07-23,P170,C1092,S9,3,34.73,PR4
T00594,2025-06-16,P106,C1050,S10,5,42.79,PR12
T00595,2025-07-12,P100,C1054,S2,3,42.08,
T00596,2025-06-16,P161,C1025,S2,1,14.31,
T00597,2025-06-21,P110,C1060,S2,3,40.32,
T00598,2025-07-07,P184,C1033,S2,5,22.44,
T00599,2025-07-12,P148,C1047,S3,4,7.01,
T00600,2025-05-28,P133,C1028,S5,5,7.77,
T00601,2025-07-02,P185,C1012,S2,3,41.37,
T00602,2025-06-27,P196,C1075,S4,5,7.74,
T00603,2025-07-04,P166,C1053,S9,4,30.77,PR10
T00604,2025-06-11,P110,C1050,S1,5,30.7,
T00605,2025-07-10,P173,C1086,S10,2,10.41,
T00606,2025-06-07,P122,C1021,S4,2,10.68,
T00607,2025-07-16,P187,C1055,S4,2,42.53,PR3
T00608,2025-05-28,P111,C1049,S9,4,29.84,
T00609,2025-07-03,P166,C1058,S1,5,31.44,
T00610,2025-07-22,P114,C1053,S3,2,30.5,
T00611,2025-07-19,P112,C1013,S10,1,40.36,
T00612,2025-05-28,P144,C1052,S5,4,34.47,
T00613,2025-06-03,P160,C1004,S3,3,23.13,
T00614,2025-07-06,P187,C1088,S7,1,22.81,
T00615,2025-06-08,P188,C1030,S1,4,46.44,
T00616,2025-07-09,P102,C1043,S5,3,17.62,
T00617,2025-06-12,P189,C1087,S2,2,11.05,
T00618,2025-05-30,P156,C1099,S6,3,37.8,
T00619,2025-06-20,P111,C1024,S8,2,46.1,
T00620,2025-07-01,P162,C1097,S9,3,41.95,
T00621,2025-06-26,P120,C1008,S5,5,23.15,
T00622,2025-06-15,P167,C1072,S1,2,13.67,
T00623,2025-07-09,P107,C1031,S1,4,7.28,
T00624,2025-06-26,P125,C1035,S6,4,27.73,
T00625,2025-06-27,P115,C1087,S1,2,21.76,
T00626,2025-07-01,P122,C1060,S10,5,20.74,PR9
T00627,2025-06-22,P195,C1088,S2,3,6.24,PR19
T00628,2025-07-05,P199,C1027,S4,2,35.5,PR14
T00629,2025-06-19,P165,C1002,S1,4,46.02,
T00630,2025-06-02,P176,C1001,S4,3,32.38,
T00631,2025-07-10,P191,C1090,S5,4,45.3,
T00632,2025-05-27,P158,C1032,S4,4,18.6,
T00633,2025-07-17,P179,C1050,S10,1,5.33,
T00634,2025-05-31,P147,C1071,S10,5,17.72,
T00635,2025-06-28,P161,C1008,S6,3,33.83,
T00636,2025-06-16,P133,C1083,S5,2,11.75,
T00637,2025-06-01,P107,C1076,S7,3,35.63,
T00638,2025-05-29,P183,C1063,S5,3,45.81,
T00639,2025-05-29,P194,C1004,S10,5,41.72,
T00640,2025-06-19,P191,C1028,S9,4,45.79,
T00641,2025-06-14,P164,C1038,S3,5,13.15,PR5
T00642,2025-05-27,P194,C1033,S9,2,47.61,
T00643,2025-06-09,P183,C1011,S4,3,15.05,
T00644,2025-06-18,P153,C1042,S6,3,31.35,
T00645,2025-06-07,P115,C1060,S1,5,31.11,
T00646,2025-07-10,P160,C1024,S9,1,44.04,
T00647,2025-06-06,P138,C1052,S1,2,11.18,PR14
T00648,2025-07-19,P172,C1058,S3,3,43.81,PR3
T00649,2025-06-16,P162,C1042,S3,3,33.55,PR9
T00650,2025-07-10,P126,C1097,S3,5,39.4,
T00651,2025-06-19,P197,C1099,S2,2,32.65,
T00652,2025-06-30,P151,C1054,S8,4,5.21,
T00653,2025-06-11,P193,C1047,S1,3,39.06,
T00654,2025-07-23,P102,C1086,S1,2,15.18,
T00655,2025-07-23,P139,C1016,S2,4,27.65,
T00656,2025-06-06,P108,C1005,S5,3,25.52,
T00657,2025-06-10,P167,C1043,S7,2,20.42,
T00658,2025-06-25,P145,C1096,S4,2,47.66,
T00659,2025-06-05,P151,C1002,S4,2,37.72,PR1
T00660,2025-07-21,P175,C1064,S3,1,21.5,
T00661,2025-05-28,P104,C1048,S5,5,33.04,
T00662,2025-06-25,P106,C1084,S2,1,7.17,PR15
T00663,2025-07-20,P148,C1015,S9,3,26.35,PR1
T00664,2025-07-01,P138,C1053,S2,5,17.15,
T00665,2025-07-03,P117,C1053,S2,5,37.34,PR4
T00666,2025-06-14,P113,C1063,S4,5,13.99,PR17
T00667,2025-06-02,P125,C1045,S7,3,12.22,
T00668,2025-07-22,P126,C1088,S8,3,15.55,PR3
T00669,2025-06-18,P114,C1073,S8,2,47.73,
T00670,2025-06-04,P109,C1092,S2,3,34.0,
T00671,2025-06-24,P137,C1033,S8,1,9.49,PR2
T00672,2025-07-23,P137,C1046,S6,4,38.23,PR2
T00673,2025-06-06,P101,C1017,S3,3,21.09,
T00674,2025-07-19,P179,C1034,S2,3,41.67,PR13
T00675,2025-05-29,P151,C1058,S5,4,36.05,
T00676,2025-06-28,P153,C1083,S3,1,10.96,
T00677,2025-07-16,P120,C1013,S7,5,26.72,
T00678,2025-07-06,P156,C1023,S10,4,40.06,
T00679,2025-06-30,P187,C1093,S3,4,46.42,PR14
T00680,2025-06-01,P156,C1005,S2,3,34.47,PR17
T00681,2025-07-14,P198,C1095,S10,5,15.08,
T00682,2025-06-28,P143,C1066,S9,5,9.29,
T00683,2025-05-27,P131,C1061,S6,4,11.69,
T00684,2025-07-05,P178,C1006,S1,2,27.75,
T00685,2025-07-12,P163,C1021,S2,4,19.43,
T00686,2025-06-05,P135,C1006,S9,2,29.77,
T00687,2025-07-07,P130,C1010,S8,4,41.06,
T00688,2025-06-30,P163,C1057,S6,1,49.13,
T00689,2025-07-09,P102,C1013,S7,4,6.61,
T00690,2025-06-09,P111,C1077,S10,3,45.05,
T00691,2025-07-07,P183,C1085,S8,3,21.35,PR8
T00692,2025-06-12,P158,C1042,S9,5,32.0,
T00693,2025-07-15,P146,C1091,S8,1,9.38,
T00694,2025-06-21,P100,C1043,S6,3,29.65,
T00695,2025-07-24,P113,C1005,S3,4,11.32,
T00696,2025-07-17,P192,C1052,S2,3,32.49,PR13
T00697,2025-07-11,P127,C1058,S4,3,9.85,
T00698,2025-07-10,P181,C1086,S10,1,39.75,
T00699,2025-07-07,P184,C1075,S9,2,48.37,PR2
T00700,2025-07-22,P170,C1055,S10,4,46.6,
T00701,2025-06-21,P122,C1088,S10,2,37.87,PR13
T00702,2025-06-26,P184,C1076,S10,3,27.68,
T00703,2025-06-18,P177,C1088,S4,3,22.9,
T00704,2025-06-03,P137,C1057,S3,2,23.57,
T00705,2025-06-22,P195,C1065,S5,5,43.73,
T00706,2025-07-08,P170,C1080,S4,2,14.44,
T00707,2025-06-18,P187,C1044,S3,2,27.68,
T00708,2025-07-10,P141,C1090,S2,3,30.3,
T00709,2025-07-20,P185,C1090,S7,5,17.87,
T00710,2025-07-24,P101,C1066,S2,1,22.14,PR2
T00711,2025-07-01,P125,C1034,S3,3,35.75,PR2
T00712,2025-06-27,P188,C1037,S4,5,6.45,
T00713,2025-05-28,P113,C1078,S9,2,38.41,
T00714,2025-07-12,P130,C1065,S5,1,46.69,
T00715,2025-06-26,P187,C1040,S9,1,5.58,PR20
T00716,2025-06-12,P199,C1056,S4,3,38.98,
T00717,2025-07-12,P177,C1025,S4,3,25.2,
T00718,2025-06-15,P109,C1023,S3,5,10.37,PR9
T00719,2025-06-29,P171,C1033,S3,2,31.28,PR11
T00720,2025-06-20,P159,C1090,S3,1,11.92,
T00721,2025-06-28,P106,C1099,S10,3,27.07,
T00722,2025-06-22,P145,C1009,S6,5,14.9,PR3
T00723,2025-07-22,P164,C1020,S7,5,29.17,PR8
T00724,2025-06-21,P127,C1084,S6,3,21.24,PR20
T00725,2025-07-18,P167,C1060,S9,1,10.16,
T00726,2025-05-26,P130,C1082,S10,5,15.97,PR11
T00727,2025-07-15,P148,C1014,S7,3,29.31,PR17
T00728,2025-06-13,P198,C1047,S9,5,25.05,PR7
T00729,2025-06-03,P141,C1065,S2,1,12.53,
T00730,2025-06-18,P168,C1068,S1,1,14.49,
T00731,2025-07-04,P127,C1087,S7,1,14.25,
T00732,2025-07-12,P194,C1099,S7,1,38.61,PR15
T00733,2025-07-18,P191,C1042,S1,1,8.3,PR9
T00734,2025-06-18,P171,C1009,S10,2,45.99,
T00735,2025-07-11,P157,C1080,S7,4,19.24,
T00736,2025-07-12,P115,C1068,S1,5,7.85,
T00737,2025-07-08,P105,C1089,S2,3,46.76,PR10
T00738,2025-05-27,P177,C1011,S5,4,22.16,
T00739,2025-06-04,P103,C1060,S3,5,14.89,
T00740,2025-06-23,P169,C1037,S3,3,35.48,
T00741,2025-06-16,P193,C1082,S6,1,29.91,
T00742,2025-07-04,P115,C1005,S1,5,31.85,
T00743,2025-06-18,P110,C1039,S4,3,14.53,
T00744,2025-06-24,P165,C1018,S3,2,14.94,
T00745,2025-07-21,P124,C1014,S3,5,43.35,
T00746,2025-06-30,P170,C1059,S9,1,18.08,PR4
T00747,2025-07-10,P125,C1092,S10,4,47.82,
T00748,2025-07-18,P185,C1083,S4,1,17.83,PR7
T00749,2025-07-16,P140,C1062,S8,3,32.74,
T00750,2025-06-28,P174,C1019,S10,5,21.4,
T00751,2025-07-06,P154,C1021,S1,3,16.08,PR14
T00752,2025-07-18,P135,C1046,S3,3,44.5,
T00753,2025-06-27,P145,C1099,S5,4,29.83,PR20
T00754,2025-06-29,P110,C1035,S3,5,13.84,
T00755,2025-07-09,P180,C1009,S2,1,43.23,
T00756,2025-06-21,P174,C1074,S7,5,14.57,PR9
T00757,2025-06-24,P169,C1069,S8,2,21.46,PR19
T00758,2025-06-19,P193,C1037,S3,4,27.55,PR12
T00759,2025-06-17,P164,C1001,S4,5,35.79,
T00760,2025-06-06,P117,C1057,S3,2,30.49,
T00761,2025-06-13,P118,C1094,S8,3,6.82,
T00762,2025-06-25,P129,C1008,S5,3,15.53,
T00763,2025-06-06,P166,C1046,S7,4,46.31,
T00764,2025-07-17,P105,C1083,S6,1,36.67,
T00765,2025-06-12,P135,C1094,S5,5,29.5,PR13
T00766,2025-06-13,P146,C1075,S2,5,16.32,
T00767,2025-06-16,P128,C1066,S7,3,41.78,
T00768,2025-07-12,P161,C1077,S1,5,44.69,
T00769,2025-06-21,P129,C1009,S9,3,14.52,PR12
T00770,2025-07-22,P177,C1091,S2,2,23.66,
T00771,2025-07-15,P114,C1061,S8,4,14.48,PR14
T00772,2025-07-22,P102,C1031,S1,2,30.81,PR17
T00773,2025-06-22,P105,C1073,S3,1,12.49,
T00774,2025-06-04,P166,C1051,S10,5,33.69,
T00775,2025-06-13,P193,C1084,S5,1,14.75,
T00776,2025-06-23,P160,C1061,S3,2,42.37,
T00777,2025-06-17,P174,C1098,S3,5,34.68,PR11
T00778,2025-06-30,P158,C1076,S10,1,15.34,
T00779,2025-06-12,P113,C1002,S4,5,43.68,
T00780,2025-06-24,P153,C1019,S10,1,12.98,
T00781,2025-05-27,P176,C1004,S9,5,38.86,PR5
T00782,2025-07-16,P177,C1069,S1,4,28.49,
T00783,2025-06-07,P105,C1089,S9,4,15.33,
T00784,2025-06-21,P198,C1048,S6,5,41.21,
T00785,2025-05-30,P189,C1073,S2,4,11.02,
T00786,2025-05-31,P129,C1010,S5,5,44.45,
T00787,2025-07-18,P124,C1000,S1,5,28.51,
T00788,2025-06-23,P148,C1083,S4,3,23.4,PR14
T00789,2025-06-07,P183,C1074,S5,3,43.47,
T00790,2025-07-12,P146,C1078,S5,4,38.97,
T00791,2025-06-04,P171,C1061,S3,3,30.16,
T00792,2025-05-27,P139,C1073,S6,4,38.11,
T00793,2025-07-20,P184,C1015,S4,4,40.24,
T00794,2025-06-22,P112,C1027,S9,4,40.37,
T00795,2025-07-10,P178,C1089,S1,2,22.51,
T00796,2025-07-11,P111,C1018,S8,5,24.59,PR8
T00797,2025-07-07,P147,C1010,S10,1,37.6,
T00798,2025-06-28,P151,C1078,S9,3,37.02,
T00799,2025-06-12,P199,C1022,S8,4,5.48,
T00800,2025-05-30,P166,C1036,S4,1,40.28,
T00801,2025-06-19,P189,C1029,S10,2,35.33,
T00802,2025-07-11,P183,C1000,S3,1,49.86,
T00803,2025-06-06,P145,C1085,S7,4,31.37,
T00804,2025-06-01,P194,C1090,S2,1,29.73,
T00805,2025-07-03,P171,C1074,S6,3,48.35,PR20
T00806,2025-07-12,P124,C1058,S7,5,5.21,PR17
T00807,2025-06-02,P113,C1071,S2,5,18.24,
T00808,2025-07-21,P165,C1032,S9,5,16.26,
T00809,2025-05-31,P148,C1072,S8,2,39.09,
T00810,2025-06-09,P158,C1087,S8,5,43.79,
T00811,2025-06-09,P133,C1008,S7,2,35.46,PR11
T00812,2025-07-19,P152,C1045,S9,5,5.44,
T00813,2025-06-24,P131,C1036,S2,4,35.32,
T00814,2025-06-03,P109,C1070,S3,4,19.12,PR19
T00815,2025-06-19,P134,C1023,S4,4,38.17,PR8
T00816,2025-06-06,P133,C1026,S4,2,42.57,
T00817,2025-07-19,P145,C1019,S2,1,46.41,
T00818,2025-07-05,P184,C1063,S10,1,39.39,
T00819,2025-07-23,P105,C1061,S6,5,19.19,
T00820,2025-07-22,P173,C1035,S8,2,49.3,
T00821,2025-06-16,P135,C1050,S4,5,10.77,
T00822,2025-07-15,P154,C1061,S9,1,27.61,
T00823,2025-07-01,P187,C1099,S3,4,48.94,
T00824,2025-07-08,P158,C1040,S1,1,35.33,
T00825,2025-07-07,P112,C1041,S6,5,43.78,PR9
T00826,2025-06-23,P130,C1034,S8,5,20.44,PR14
T00827,2025-07-22,P126,C1053,S6,3,43.44,PR6
T00828,2025-07-06,P173,C1016,S10,2,41.64,
T00829,2025-06-24,P130,C1071,S7,4,13.82,
T00830,2025-07-20,P194,C1019,S8,1,12.95,
T00831,2025-05-31,P180,C1066,S9,3,40.34,
T00832,2025-07-24,P171,C1072,S1,4,9.45,PR7
T00833,2025-06-04,P132,C1060,S2,4,38.51,PR12
T00834,2025-06-15,P171,C1071,S5,3,5.89,PR20
T00835,2025-06-15,P125,C1073,S10,5,12.85,
T00836,2025-06-20,P145,C1041,S9,4,39.86,
T00837,2025-06-02,P110,C1048,S10,3,25.87,
T00838,2025-06-10,P121,C1081,S6,4,33.41,
T00839,2025-06-18,P109,C1010,S3,3,15.27,
T00840,2025-06-11,P137,C1090,S5,5,34.01,PR15
T00841,2025-07-18,P199,C1046,S10,5,48.45,
T00842,2025-06-02,P123,C1002,S3,2,34.79,
T00843,2025-06-10,P189,C1095,S2,2,12.51,PR3
T00844,2025-05-26,P160,C1070,S1,1,39.69,
T00845,2025-07-04,P110,C1013,S5,5,11.99,
T00846,2025-07-08,P149,C1039,S4,2,38.19,
T00847,2025-07-22,P116,C1016,S9,2,6.29,
T00848,2025-07-10,P141,C1060,S8,5,47.07,
T00849,2025-06-23,P117,C1089,S9,2,31.59,
T00850,2025-05-29,P195,C1081,S10,4,28.56,
T00851,2025-06-17,P139,C1044,S8,5,15.22,PR10
T00852,2025-06-22,P146,C1052,S5,2,18.66,PR5
T00853,2025-06-22,P144,C1036,S8,5,5.37,
T00854,2025-07-09,P196,C1061,S5,1,39.46,
T00855,2025-06-01,P176,C1029,S1,5,21.81,
T00856,2025-06-17,P171,C1055,S7,2,12.35,
T00857,2025-06-20,P149,C1048,S4,3,8.56,
T00858,2025-07-22,P166,C1097,S10,3,17.81,
T00859,2025-06-14,P134,C1052,S4,1,13.21,PR15
T00860,2025-07-06,P179,C1057,S5,5,27.14,
T00861,2025-06-06,P119,C1006,S9,1,13.37,PR9
T00862,2025-07-17,P116,C1091,S8,1,15.48,PR16
T00863,2025-06-16,P127,C1043,S7,3,40.36,
T00864,2025-06-09,P147,C1059,S1,3,8.61,
T00865,2025-06-20,P118,C1007,S5,4,8.21,
T00866,2025-06-08,P124,C1032,S7,1,10.49,
T00867,2025-06-01,P131,C1049,S8,2,38.19,PR15
T00868,2025-05-31,P194,C1098,S2,5,34.97,PR13
T00869,2025-06-11,P187,C1039,S6,2,33.31,PR18
T00870,2025-06-24,P166,C1015,S5,4,33.73,PR2
T00871,2025-07-22,P185,C1027,S2,2,33.48,
T00872,2025-07-20,P121,C1035,S10,1,22.81,PR2
T00873,2025-06-23,P174,C1088,S8,5,11.97,
T00874,2025-07-07,P131,C1020,S8,1,35.87,
T00875,2025-06-07,P197,C1080,S1,1,21.0,PR18
T00876,2025-07-10,P113,C1016,S8,2,19.25,
T00877,2025-06-24,P182,C1096,S6,4,37.99,PR13
T00878,2025-07-04,P145,C1092,S3,3,45.44,
T00879,2025-06-21,P156,C1071,S5,5,36.37,PR6
T00880,2025-07-13,P169,C1044,S6,4,17.39,
T00881,2025-07-17,P170,C1020,S2,5,11.98,PR9
T00882,2025-07-12,P169,C1046,S8,1,39.92,
T00883,2025-07-07,P193,C1023,S1,5,43.56,
T00884,2025-06-02,P130,C1041,S2,5,41.86,PR16
T00885,2025-07-23,P198,C1070,S3,5,17.74,
T00886,2025-05-29,P141,C1014,S2,5,34.65,PR5
T00887,2025-07-06,P122,C1004,S4,1,26.84,PR19
T00888,2025-06-26,P182,C1049,S8,5,33.08,
T00889,2025-07-23,P106,C1046,S4,5,37.3,PR7
T00890,2025-06-19,P183,C1062,S2,4,41.05,PR18
T00891,2025-05-28,P195,C1053,S6,1,42.06,PR2
T00892,2025-06-03,P193,C1009,S5,1,47.51,
T00893,2025-06-17,P112,C1012,S4,5,22.34,PR8
T00894,2025-07-20,P172,C1080,S3,5,38.71,
T00895,2025-07-22,P113,C1098,S10,3,35.35,
T00896,2025-05-28,P154,C1013,S3,2,29.75,
T00897,2025-06-21,P184,C1020,S9,5,24.94,
T00898,2025-07-20,P140,C1070,S6,3,23.56,
T00899,2025-05-29,P192,C1041,S10,2,30.34,PR18
T00900,2025-06-12,P195,C1032,S6,4,25.14,
T00901,2025-07-10,P192,C1004,S5,5,5.73,PR10
T00902,2025-07-15,P100,C1038,S4,2,43.51,PR9
T00903,2025-07-07,P170,C1065,S9,5,46.67,PR2
T00904,2025-06-22,P158,C1045,S3,2,16.92,
T00905,2025-06-12,P131,C1029,S5,3,9.14,
T00906,2025-07-21,P127,C1093,S2,3,40.68,PR19
T00907,2025-07-07,P112,C1076,S5,1,37.89,
T00908,2025-07-12,P110,C1099,S1,3,20.66,
T00909,2025-06-03,P153,C1015,S4,5,46.79,
T00910,2025-07-10,P180,C1048,S1,3,28.6,
T00911,2025-06-28,P172,C1019,S6,5,36.4,PR13
T00912,2025-07-04,P157,C1096,S10,5,27.71,PR10
T00913,2025-06-27,P150,C1018,S3,3,8.71,
T00914,2025-06-26,P106,C1070,S7,3,8.83,
T00915,2025-06-05,P199,C1089,S3,2,26.64,PR13
T00916,2025-06-10,P183,C1073,S4,5,32.72,
T00917,2025-06-27,P131,C1031,S2,3,39.95,
T00918,2025-07-04,P173,C1011,S2,4,24.06,
T00919,2025-07-13,P141,C1044,S10,1,39.64,PR12
T00920,2025-06-22,P178,C1056,S10,2,24.82,
T00921,2025-07-03,P129,C1025,S6,2,39.1,
T00922,2025-07-18,P114,C1094,S1,2,47.7,
T00923,2025-05-29,P136,C1001,S6,1,18.73,
T00924,2025-07-09,P142,C1026,S9,2,14.17,
T00925,2025-06-03,P133,C1070,S8,5,37.85,PR1
T00926,2025-06-25,P148,C1074,S9,1,16.5,PR7
T00927,2025-06-19,P189,C1079,S5,1,25.92,
T00928,2025-06-26,P108,C1049,S5,3,43.89,PR13
T00929,2025-06-06,P129,C1048,S9,1,45.67,
T00930,2025-07-04,P176,C1068,S2,2,13.95,
T00931,2025-07-14,P171,C1091,S1,1,16.13,
T00932,2025-05-26,P142,C1062,S7,2,5.83,
T00933,2025-07-17,P145,C1080,S5,2,49.82,
T00934,2025-07-09,P135,C1007,S5,4,45.07,
T00935,2025-07-05,P103,C1071,S5,2,11.83,
T00936,2025-05-31,P184,C1017,S2,4,28.43,
T00937,2025-06-13,P180,C1087,S4,4,15.82,PR10
T00938,2025-07-15,P177,C1042,S8,5,10.93,
T00939,2025-06-30,P174,C1069,S4,2,18.9,
T00940,2025-07-13,P167,C1017,S7,2,34.53,
T00941,2025-07-07,P120,C1040,S2,5,28.98,
T00942,2025-05-31,P123,C1040,S3,1,39.44,
T00943,2025-06-14,P152,C1052,S5,4,38.55,
T00944,2025-06-20,P181,C1094,S5,2,40.06,PR6
T00945,2025-07-18,P103,C1097,S10,5,17.01,
T00946,2025-06-07,P129,C1076,S4,2,35.93,
T00947,2025-06-22,P188,C1099,S8,2,27.6,
T00948,2025-07-07,P191,C1083,S6,2,43.35,
T00949,2025-07-12,P117,C1020,S4,2,6.45,
T00950,2025-06-06,P101,C1034,S7,2,38.41,
T00951,2025-05-28,P196,C1026,S2,2,46.72,
T00952,2025-07-24,P178,C1062,S6,4,44.94,
T00953,2025-06-18,P199,C1005,S10,4,37.41,
T00954,2025-06-10,P195,C1073,S10,5,28.64,
T00955,2025-06-25,P104,C1066,S2,4,25.56,
T00956,2025-07-18,P131,C1066,S9,4,49.27,PR13
T00957,2025-05-27,P166,C1097,S1,2,18.1,
T00958,2025-07-18,P138,C1099,S5,4,12.49,PR2
T00959,2025-07-04,P188,C1066,S3,4,42.35,
T00960,2025-06-04,P192,C1064,S2,2,40.04,
T00961,2025-06-16,P189,C1069,S3,4,23.61,
T00962,2025-06-06,P122,C1058,S10,2,44.71,PR11
T00963,2025-07-09,P188,C1083,S3,1,9.1,
T00964,2025-06-06,P181,C1046,S2,5,36.83,
T00965,2025-06-09,P165,C1078,S3,4,29.77,PR6
T00966,2025-07-13,P142,C1072,S3,2,44.1,PR2
T00967,2025-06-23,P153,C1039,S5,4,18.0,PR5
T00968,2025-07-14,P125,C1000,S10,3,5.55,
T00969,2025-06-21,P163,C1069,S1,5,44.72,PR19
T00970,2025-07-05,P184,C1060,S8,4,24.88,
T00971,2025-07-11,P100,C1031,S9,3,32.89,
T00972,2025-07-10,P126,C1006,S3,2,7.48,
T00973,2025-06-18,P118,C1004,S10,5,18.43,
T00974,2025-07-09,P106,C1013,S7,2,12.26,PR20
T00975,2025-07-18,P173,C1071,S3,4,38.72,
T00976,2025-06-09,P104,C1011,S5,3,21.59,
T00977,2025-07-02,P108,C1097,S7,5,7.92,
T00978,2025-06-13,P115,C1088,S5,3,28.72,
T00979,2025-07-23,P189,C1026,S10,1,9.92,
T00980,2025-07-14,P180,C1067,S2,4,37.58,
T00981,2025-06-08,P190,C1036,S7,5,43.15,PR19
T00982,2025-06-01,P179,C1045,S3,5,30.32,
T00983,2025-06-21,P180,C1063,S8,2,44.76,PR10
T00984,2025-07-05,P124,C1000,S2,1,25.92,
T00985,2025-06-27,P194,C1026,S10,4,23.63,
T00986,2025-07-14,P171,C1081,S4,1,33.83,
T00987,2025-06-20,P132,C1008,S5,3,27.8,
T00988,2025-05-26,P100,C1014,S6,3,22.82,
T00989,2025-06-22,P103,C1022,S4,3,42.52,
T00990,2025-06-23,P161,C1060,S1,2,26.67,
T00991,2025-07-21,P168,C1042,S8,4,46.75,PR17
T00992,2025-07-21,P138,C1072,S6,5,29.11,PR11
T00993,2025-07-12,P145,C1008,S3,3,42.83,
T00994,2025-06-09,P148,C1080,S9,2,30.69,
T00995,2025-07-08,P176,C1014,S5,3,36.94,PR3
T00996,2025-07-17,P163,C1030,S6,4,42.33,
T00997,2025-07-12,P167,C1038,S3,1,21.84,PR7
T00998,2025-06-28,P111,C1056,S9,1,40.96,
T00999,2025-06-27,P119,C1024,S6,4,37.96,
